%time,field.xError.proportional,field.xError.integral,field.xError.derivative,field.yError.proportional,field.yError.integral,field.yError.derivative,field.depthError.proportional,field.depthError.integral,field.depthError.derivative,field.pitchError.proportional,field.pitchError.integral,field.pitchError.derivative,field.yawError.proportional,field.yawError.integral,field.yawError.derivative,field.xGain.proportional,field.xGain.integral,field.xGain.derivative,field.yGain.proportional,field.yGain.integral,field.yGain.derivative,field.depthGain.proportional,field.depthGain.integral,field.depthGain.derivative,field.pitchGain.proportional,field.pitchGain.integral,field.pitchGain.derivative,field.yawGain.proportional,field.yawGain.integral,field.yawGain.derivative,field.xForce.proportional,field.xForce.integral,field.xForce.derivative,field.yForce.proportional,field.yForce.integral,field.yForce.derivative,field.depthForce.proportional,field.depthForce.integral,field.depthForce.derivative,field.pitchForce.proportional,field.pitchForce.integral,field.pitchForce.derivative,field.yawForce.proportional,field.yawForce.integral,field.yawForce.derivative,field.thrust_surge_port,field.thrust_surge_starboard,field.thrust_sway_bow,field.thrust_sway_stern,field.thrust_heave_bow,field.thrust_heave_stern
260000000,0.0,0.0,0.0,0.0,0.0,0.0,0.0,0.0,0.0,0.0,0.0,0.0,0.0,0.0,0.0,1.5,0.0,15.0,1.5,0.0,15.0,4.0,0.0,20.0,0.2,0.0,1.0,5.0,0.0,1.0,0.0,0.0,0.0,0.0,0.0,0.0,0.0,0.0,0.0,0.0,0.0,0.0,0.0,0.0,0.0,0,0,0,0,0,0
442000000,-2.95794773102,-0.295794773102,-1.0,0.0,0.0,0.0,0.0,0.0,0.0,0.0,0.0,0.0,0.0,0.0,0.0,1.5,0.0,15.0,1.5,0.0,15.0,4.0,0.0,20.0,0.2,0.0,1.0,5.0,0.0,1.0,-4.43692159653,-0.443692159653,-1.5,0.0,0.0,0.0,0.0,0.0,0.0,0.0,0.0,0.0,0.0,0.0,0.0,0,0,0,0,0,0
604000000,-2.95328998566,-0.591123771667,0.0465774536133,0.0,0.0,0.0,0.0,0.0,0.0,0.0,0.0,0.0,0.0,0.0,0.0,1.5,0.0,15.0,1.5,0.0,15.0,4.0,0.0,20.0,0.2,0.0,1.0,5.0,0.0,1.0,-4.42993497849,-0.886685657501,0.0698661804199,0.0,0.0,0.0,0.0,0.0,0.0,0.0,0.0,0.0,0.0,0.0,0.0,0,0,0,0,0,0
793000000,-2.95333504677,-0.886457276344,-0.000450611114502,0.0,0.0,0.0,0.0,0.0,0.0,0.0,0.0,0.0,0.0,0.0,0.0,1.5,0.0,15.0,1.5,0.0,15.0,4.0,0.0,20.0,0.2,0.0,1.0,5.0,0.0,1.0,-4.43000257015,-1.32968591452,-0.000675916671753,0.0,0.0,0.0,0.0,0.0,0.0,0.0,0.0,0.0,0.0,0.0,0.0,0,0,0,0,0,0
978000000,-2.90635442734,-1.17709271908,0.469806194305,0.0,0.0,0.0,0.0,0.0,0.0,0.0,0.0,0.0,0.0,0.0,0.0,1.5,0.0,15.0,1.5,0.0,15.0,4.0,0.0,20.0,0.2,0.0,1.0,5.0,0.0,1.0,-4.35953164101,-1.76563907862,0.704709291458,0.0,0.0,0.0,0.0,0.0,0.0,0.0,0.0,0.0,0.0,0.0,0.0,0,0,0,0,0,0
1159000000,-2.87208652496,-1.46430137157,0.342679023743,0.0,0.0,0.0,0.0,0.0,0.0,0.0,0.0,0.0,0.0,0.0,0.0,1.5,0.0,15.0,1.5,0.0,15.0,4.0,0.0,20.0,0.2,0.0,1.0,5.0,0.0,1.0,-4.30812978745,-2.19645205736,0.514018535614,0.0,0.0,0.0,0.0,0.0,0.0,0.0,0.0,0.0,0.0,0.0,0.0,0,0,0,0,0,0
1345000000,-2.87214207649,-1.75151557922,-0.000555515289307,0.0,0.0,0.0,0.0,0.0,0.0,0.0,0.0,0.0,0.0,0.0,0.0,1.5,0.0,15.0,1.5,0.0,15.0,4.0,0.0,20.0,0.2,0.0,1.0,5.0,0.0,1.0,-4.30821311474,-2.62727336884,-0.00083327293396,0.0,0.0,0.0,0.0,0.0,0.0,0.0,0.0,0.0,0.0,0.0,0.0,0,0,0,0,0,0
1570000000,-2.80670690536,-2.03218626976,0.654351711273,0.0,0.0,0.0,0.0,0.0,0.0,0.0,0.0,0.0,0.0,0.0,0.0,1.5,0.0,15.0,1.5,0.0,15.0,4.0,0.0,20.0,0.2,0.0,1.0,5.0,0.0,1.0,-4.21006035805,-3.04827940464,0.98152756691,0.0,0.0,0.0,0.0,0.0,0.0,0.0,0.0,0.0,0.0,0.0,0.0,0,0,0,0,0,0
1756000000,-2.77476191521,-2.30966246128,0.319449901581,0.0,0.0,0.0,0.0,0.0,0.0,0.0,0.0,0.0,0.0,0.0,0.0,1.5,0.0,15.0,1.5,0.0,15.0,4.0,0.0,20.0,0.2,0.0,1.0,5.0,0.0,1.0,-4.16214287281,-3.46449369192,0.479174852371,0.0,0.0,0.0,0.0,0.0,0.0,0.0,0.0,0.0,0.0,0.0,0.0,0,0,0,0,0,0
1938000000,-2.74597930908,-2.58426039219,0.287826061249,0.0,0.0,0.0,0.0,0.0,0.0,0.0,0.0,0.0,0.0,0.0,0.0,1.5,0.0,15.0,1.5,0.0,15.0,4.0,0.0,20.0,0.2,0.0,1.0,5.0,0.0,1.0,-4.11896896362,-3.87639058828,0.431739091873,0.0,0.0,0.0,0.0,0.0,0.0,0.0,0.0,0.0,0.0,0.0,0.0,0,0,0,0,0,0
2128000000,-2.71576428413,-2.8558368206,0.302150249481,0.0,0.0,0.0,0.0,0.0,0.0,0.0,0.0,0.0,0.0,0.0,0.0,1.5,0.0,15.0,1.5,0.0,15.0,4.0,0.0,20.0,0.2,0.0,1.0,5.0,0.0,1.0,-4.0736464262,-4.2837552309,0.453225374222,0.0,0.0,0.0,0.0,0.0,0.0,0.0,0.0,0.0,0.0,0.0,0.0,0,0,0,0,0,0
2345000000,-2.68304085732,-3.12414090633,0.327234268188,0.0,0.0,0.0,0.0,0.0,0.0,0.0,0.0,0.0,0.0,0.0,0.0,1.5,0.0,15.0,1.5,0.0,15.0,4.0,0.0,20.0,0.2,0.0,1.0,5.0,0.0,1.0,-4.02456128597,-4.6862113595,0.490851402283,0.0,0.0,0.0,0.0,0.0,0.0,0.0,0.0,0.0,0.0,0.0,0.0,0,0,0,0,0,0
2552000000,-2.65961527824,-3.39010243416,0.23425579071,0.0,0.0,0.0,0.0,0.0,0.0,0.0,0.0,0.0,0.0,0.0,0.0,1.5,0.0,15.0,1.5,0.0,15.0,4.0,0.0,20.0,0.2,0.0,1.0,5.0,0.0,1.0,-3.98942291737,-5.08515365124,0.351383686066,0.0,0.0,0.0,0.0,0.0,0.0,0.0,0.0,0.0,0.0,0.0,0.0,0,0,0,0,0,0
2727000000,-2.65966320038,-3.6560687542,-0.000479221343994,0.0,0.0,0.0,0.0,0.0,0.0,0.0,0.0,0.0,0.0,0.0,0.0,1.5,0.0,15.0,1.5,0.0,15.0,4.0,0.0,20.0,0.2,0.0,1.0,5.0,0.0,1.0,-3.98949480057,-5.48410313129,-0.000718832015991,0.0,0.0,0.0,0.0,0.0,0.0,0.0,0.0,0.0,0.0,0.0,0.0,0,0,0,0,0,0
2935000000,-2.59677124023,-3.91574587822,0.62891960144,0.0,0.0,0.0,0.0,0.0,0.0,0.0,0.0,0.0,0.0,0.0,0.0,1.5,0.0,15.0,1.5,0.0,15.0,4.0,0.0,20.0,0.2,0.0,1.0,5.0,0.0,1.0,-3.89515686035,-5.87361881733,0.943379402161,0.0,0.0,0.0,0.0,0.0,0.0,0.0,0.0,0.0,0.0,0.0,0.0,0,0,0,0,0,0
3128000000,-2.57335209846,-4.17308108807,0.234191417694,0.0,0.0,0.0,0.0,0.0,0.0,0.0,0.0,0.0,0.0,0.0,0.0,1.5,0.0,15.0,1.5,0.0,15.0,4.0,0.0,20.0,0.2,0.0,1.0,5.0,0.0,1.0,-3.8600281477,-6.2596216321,0.351287126541,0.0,0.0,0.0,0.0,0.0,0.0,0.0,0.0,0.0,0.0,0.0,0.0,0,0,0,0,0,0
3309000000,-2.54554009438,-4.4276350975,0.278120040894,0.0,0.0,0.0,0.0,0.0,0.0,0.0,0.0,0.0,0.0,0.0,0.0,1.5,0.0,15.0,1.5,0.0,15.0,4.0,0.0,20.0,0.2,0.0,1.0,5.0,0.0,1.0,-3.81831014156,-6.64145264626,0.41718006134,0.0,0.0,0.0,0.0,0.0,0.0,0.0,0.0,0.0,0.0,0.0,0.0,0,0,0,0,0,0
3534000000,-2.51641273499,-4.679276371,0.291273593903,0.0,0.0,0.0,0.0,0.0,0.0,0.0,0.0,0.0,0.0,0.0,0.0,1.5,0.0,15.0,1.5,0.0,15.0,4.0,0.0,20.0,0.2,0.0,1.0,5.0,0.0,1.0,-3.77461910248,-7.0189145565,0.436910390854,0.0,0.0,0.0,0.0,0.0,0.0,0.0,0.0,0.0,0.0,0.0,0.0,0,0,0,0,0,0
3717000000,-2.51645970345,-4.93092234135,-0.00046968460083,0.0,0.0,0.0,0.0,0.0,0.0,0.0,0.0,0.0,0.0,0.0,0.0,1.5,0.0,15.0,1.5,0.0,15.0,4.0,0.0,20.0,0.2,0.0,1.0,5.0,0.0,1.0,-3.77468955517,-7.39638351202,-0.000704526901245,0.0,0.0,0.0,0.0,0.0,0.0,0.0,0.0,0.0,0.0,0.0,0.0,0,0,0,0,0,0
3912000000,-2.49111700058,-5.1800340414,0.253427028656,0.0,0.0,0.0,0.0,0.0,0.0,0.0,0.0,0.0,0.0,0.0,0.0,1.5,0.0,15.0,1.5,0.0,15.0,4.0,0.0,20.0,0.2,0.0,1.0,5.0,0.0,1.0,-3.73667550087,-7.77005106211,0.380140542984,0.0,0.0,0.0,0.0,0.0,0.0,0.0,0.0,0.0,0.0,0.0,0.0,0,0,0,0,0,0
4111000000,-2.44037795067,-5.42407183647,0.507390499115,0.0,0.0,0.0,0.0,0.0,0.0,0.0,0.0,0.0,0.0,0.0,0.0,1.5,0.0,15.0,1.5,0.0,15.0,4.0,0.0,20.0,0.2,0.0,1.0,5.0,0.0,1.0,-3.660566926,-8.13610775471,0.761085748672,0.0,0.0,0.0,0.0,0.0,0.0,0.0,0.0,0.0,0.0,0.0,0.0,0,0,0,0,0,0
4293000000,-2.41061830521,-5.66513366699,0.29759645462,0.0,0.0,0.0,0.0,0.0,0.0,0.0,0.0,0.0,0.0,0.0,0.0,1.5,0.0,15.0,1.5,0.0,15.0,4.0,0.0,20.0,0.2,0.0,1.0,5.0,0.0,1.0,-3.61592745781,-8.49770050049,0.446394681931,0.0,0.0,0.0,0.0,0.0,0.0,0.0,0.0,0.0,0.0,0.0,0.0,0,0,0,0,0,0
4484000000,-2.38739466667,-5.90387313366,0.232236385345,0.0,0.0,0.0,0.0,0.0,0.0,0.0,0.0,0.0,0.0,0.0,0.0,1.5,0.0,15.0,1.5,0.0,15.0,4.0,0.0,20.0,0.2,0.0,1.0,5.0,0.0,1.0,-3.58109200001,-8.85580970049,0.348354578018,0.0,0.0,0.0,0.0,0.0,0.0,0.0,0.0,0.0,0.0,0.0,0.0,0,0,0,0,0,0
4636000000,-2.38742542267,-6.14261567593,-0.000307559967041,0.0,0.0,0.0,0.0,0.0,0.0,0.0,0.0,0.0,0.0,0.0,0.0,1.5,0.0,15.0,1.5,0.0,15.0,4.0,0.0,20.0,0.2,0.0,1.0,5.0,0.0,1.0,-3.581138134,-9.21392351389,-0.000461339950562,0.0,0.0,0.0,0.0,0.0,0.0,0.0,0.0,0.0,0.0,0.0,0.0,0,0,0,0,0,0
4814000000,-2.34573769569,-6.3771894455,0.416877269745,0.0,0.0,0.0,0.0,0.0,0.0,0.0,0.0,0.0,0.0,0.0,0.0,1.5,0.0,15.0,1.5,0.0,15.0,4.0,0.0,20.0,0.2,0.0,1.0,5.0,0.0,1.0,-3.51860654354,-9.56578416824,0.625315904617,0.0,0.0,0.0,0.0,0.0,0.0,0.0,0.0,0.0,0.0,0.0,0.0,0,0,0,0,0,0
5013000000,-2.32235002518,-6.60942444801,0.23387670517,0.0,0.0,0.0,0.0,0.0,0.0,0.0,0.0,0.0,0.0,0.0,0.0,1.5,0.0,15.0,1.5,0.0,15.0,4.0,0.0,20.0,0.2,0.0,1.0,5.0,0.0,1.0,-3.48352503777,-9.91413667202,0.350815057755,0.0,0.0,0.0,0.0,0.0,0.0,0.0,0.0,0.0,0.0,0.0,0.0,0,0,0,0,0,0
5169000000,-2.30013084412,-6.83943753242,0.222191810608,0.0,0.0,0.0,0.0,0.0,0.0,0.0,0.0,0.0,0.0,0.0,0.0,1.5,0.0,15.0,1.5,0.0,15.0,4.0,0.0,20.0,0.2,0.0,1.0,5.0,0.0,1.0,-3.45019626617,-10.2591562986,0.333287715912,0.0,0.0,0.0,0.0,0.0,0.0,0.0,0.0,0.0,0.0,0.0,0.0,0,0,0,0,0,0
5346000000,-2.30016970634,-7.06945450306,-0.000388622283936,0.0,0.0,0.0,0.0,0.0,0.0,0.0,0.0,0.0,0.0,0.0,0.0,1.5,0.0,15.0,1.5,0.0,15.0,4.0,0.0,20.0,0.2,0.0,1.0,5.0,0.0,1.0,-3.45025455952,-10.6041817546,-0.000582933425903,0.0,0.0,0.0,0.0,0.0,0.0,0.0,0.0,0.0,0.0,0.0,0.0,0,0,0,0,0,0
5512000000,-2.25384020805,-7.29483852386,0.46329498291,0.0,0.0,0.0,0.0,0.0,0.0,0.0,0.0,0.0,0.0,0.0,0.0,1.5,0.0,15.0,1.5,0.0,15.0,4.0,0.0,20.0,0.2,0.0,1.0,5.0,0.0,1.0,-3.38076031208,-10.9422577858,0.694942474365,0.0,0.0,0.0,0.0,0.0,0.0,0.0,0.0,0.0,0.0,0.0,0.0,0,0,0,0,0,0
5735000000,-2.22794270515,-7.51763279438,0.258975028992,0.0,0.0,0.0,0.0,0.0,0.0,0.0,0.0,0.0,0.0,0.0,0.0,1.5,0.0,15.0,1.5,0.0,15.0,4.0,0.0,20.0,0.2,0.0,1.0,5.0,0.0,1.0,-3.34191405773,-11.2764491916,0.388462543488,0.0,0.0,0.0,0.0,0.0,0.0,0.0,0.0,0.0,0.0,0.0,0.0,0,0,0,0,0,0
5913000000,-2.20782661438,-7.73841545582,0.201160907745,0.0,0.0,0.0,0.0,0.0,0.0,0.0,0.0,0.0,0.0,0.0,0.0,1.5,0.0,15.0,1.5,0.0,15.0,4.0,0.0,20.0,0.2,0.0,1.0,5.0,0.0,1.0,-3.31173992157,-11.6076231837,0.301741361618,0.0,0.0,0.0,0.0,0.0,0.0,0.0,0.0,0.0,0.0,0.0,0.0,0,0,0,0,0,0
6109000000,-2.18749308586,-7.9571647644,0.203335285187,0.0,0.0,0.0,0.0,0.0,0.0,0.0,0.0,0.0,0.0,0.0,0.0,1.5,0.0,15.0,1.5,0.0,15.0,4.0,0.0,20.0,0.2,0.0,1.0,5.0,0.0,1.0,-3.28123962879,-11.9357471466,0.30500292778,0.0,0.0,0.0,0.0,0.0,0.0,0.0,0.0,0.0,0.0,0.0,0.0,0,0,0,0,0,0
6269000000,-2.16693115234,-8.17385787964,0.205619335175,0.0,0.0,0.0,0.0,0.0,0.0,0.0,0.0,0.0,0.0,0.0,0.0,1.5,0.0,15.0,1.5,0.0,15.0,4.0,0.0,20.0,0.2,0.0,1.0,5.0,0.0,1.0,-3.25039672852,-12.2607868195,0.308429002762,0.0,0.0,0.0,0.0,0.0,0.0,0.0,0.0,0.0,0.0,0.0,0.0,0,0,0,0,0,0
6468000000,-2.14377379417,-8.38823525906,0.231573581696,0.0,0.0,0.0,0.0,0.0,0.0,0.0,0.0,0.0,0.0,0.0,0.0,1.5,0.0,15.0,1.5,0.0,15.0,4.0,0.0,20.0,0.2,0.0,1.0,5.0,0.0,1.0,-3.21566069126,-12.5823528886,0.347360372543,0.0,0.0,0.0,0.0,0.0,0.0,0.0,0.0,0.0,0.0,0.0,0.0,0,0,0,0,0,0
6620000000,-2.14380764961,-8.60261602402,-0.000338554382324,0.0,0.0,0.0,0.0,0.0,0.0,0.0,0.0,0.0,0.0,0.0,0.0,1.5,0.0,15.0,1.5,0.0,15.0,4.0,0.0,20.0,0.2,0.0,1.0,5.0,0.0,1.0,-3.21571147442,-12.903924036,-0.000507831573486,0.0,0.0,0.0,0.0,0.0,0.0,0.0,0.0,0.0,0.0,0.0,0.0,0,0,0,0,0,0
6814000000,-2.10298752785,-8.8129147768,0.408201217651,0.0,0.0,0.0,0.0,0.0,0.0,0.0,0.0,0.0,0.0,0.0,0.0,1.5,0.0,15.0,1.5,0.0,15.0,4.0,0.0,20.0,0.2,0.0,1.0,5.0,0.0,1.0,-3.15448129177,-13.2193721652,0.612301826477,0.0,0.0,0.0,0.0,0.0,0.0,0.0,0.0,0.0,0.0,0.0,0.0,0,0,0,0,0,0
7020000000,-2.07840442657,-9.02075521946,0.245831012726,0.0,0.0,0.0,0.0,0.0,0.0,0.0,0.0,0.0,0.0,0.0,0.0,1.5,0.0,15.0,1.5,0.0,15.0,4.0,0.0,20.0,0.2,0.0,1.0,5.0,0.0,1.0,-3.11760663986,-13.5311328292,0.368746519089,0.0,0.0,0.0,0.0,0.0,0.0,0.0,0.0,0.0,0.0,0.0,0.0,0,0,0,0,0,0
7207000000,-2.05503797531,-9.22625901699,0.233664512634,0.0,0.0,0.0,0.0,0.0,0.0,0.0,0.0,0.0,0.0,0.0,0.0,1.5,0.0,15.0,1.5,0.0,15.0,4.0,0.0,20.0,0.2,0.0,1.0,5.0,0.0,1.0,-3.08255696297,-13.8393885255,0.350496768951,0.0,0.0,0.0,0.0,0.0,0.0,0.0,0.0,0.0,0.0,0.0,0.0,0,0,0,0,0,0
7404000000,-2.03421592712,-9.4296806097,0.208220481873,0.0,0.0,0.0,0.0,0.0,0.0,0.0,0.0,0.0,0.0,0.0,0.0,1.5,0.0,15.0,1.5,0.0,15.0,4.0,0.0,20.0,0.2,0.0,1.0,5.0,0.0,1.0,-3.05132389069,-14.1445209146,0.312330722809,0.0,0.0,0.0,0.0,0.0,0.0,0.0,0.0,0.0,0.0,0.0,0.0,0,0,0,0,0,0
7599000000,-2.0128929615,-9.63096990585,0.213229656219,0.0,0.0,0.0,0.0,0.0,0.0,0.0,0.0,0.0,0.0,0.0,0.0,1.5,0.0,15.0,1.5,0.0,15.0,4.0,0.0,20.0,0.2,0.0,1.0,5.0,0.0,1.0,-3.01933944225,-14.4464548588,0.319844484329,0.0,0.0,0.0,0.0,0.0,0.0,0.0,0.0,0.0,0.0,0.0,0.0,0,0,0,0,0,0
7782000000,-1.98839354515,-9.82980926037,0.244994163513,0.0,0.0,0.0,0.0,0.0,0.0,0.0,0.0,0.0,0.0,0.0,0.0,1.5,0.0,15.0,1.5,0.0,15.0,4.0,0.0,20.0,0.2,0.0,1.0,5.0,0.0,1.0,-2.98259031773,-14.7447138906,0.36749124527,0.0,0.0,0.0,0.0,0.0,0.0,0.0,0.0,0.0,0.0,0.0,0.0,0,0,0,0,0,0
7948000000,-1.97172617912,-10.0269818783,0.166673660278,0.0,0.0,0.0,0.0,0.0,0.0,0.0,0.0,0.0,0.0,0.0,0.0,1.5,0.0,15.0,1.5,0.0,15.0,4.0,0.0,20.0,0.2,0.0,1.0,5.0,0.0,1.0,-2.95758926868,-15.0404728174,0.250010490417,0.0,0.0,0.0,0.0,0.0,0.0,0.0,0.0,0.0,0.0,0.0,0.0,0,0,0,0,0,0
8135000000,-1.97176635265,-10.2241585135,-0.000401735305786,0.0,0.0,0.0,0.0,0.0,0.0,0.0,0.0,0.0,0.0,0.0,0.0,1.5,0.0,15.0,1.5,0.0,15.0,4.0,0.0,20.0,0.2,0.0,1.0,5.0,0.0,1.0,-2.95764952898,-15.3362377703,-0.000602602958679,0.0,0.0,0.0,0.0,0.0,0.0,0.0,0.0,0.0,0.0,0.0,0.0,0,0,0,0,0,0
8328000000,-1.93066811562,-10.4172253251,0.410982370377,0.0,0.0,0.0,0.0,0.0,0.0,0.0,0.0,0.0,0.0,0.0,0.0,1.5,0.0,15.0,1.5,0.0,15.0,4.0,0.0,20.0,0.2,0.0,1.0,5.0,0.0,1.0,-2.89600217342,-15.6258379877,0.616473555565,0.0,0.0,0.0,0.0,0.0,0.0,0.0,0.0,0.0,0.0,0.0,0.0,0,0,0,0,0,0
8523000000,-1.90832960606,-10.6080582857,0.223385095596,0.0,0.0,0.0,0.0,0.0,0.0,0.0,0.0,0.0,0.0,0.0,0.0,1.5,0.0,15.0,1.5,0.0,15.0,4.0,0.0,20.0,0.2,0.0,1.0,5.0,0.0,1.0,-2.86249440908,-15.9120874286,0.335077643394,0.0,0.0,0.0,0.0,0.0,0.0,0.0,0.0,0.0,0.0,0.0,0.0,0,0,0,0,0,0
8710000000,-1.90836822987,-10.7988951087,-0.000386238098145,0.0,0.0,0.0,0.0,0.0,0.0,0.0,0.0,0.0,0.0,0.0,0.0,1.5,0.0,15.0,1.5,0.0,15.0,4.0,0.0,20.0,0.2,0.0,1.0,5.0,0.0,1.0,-2.8625523448,-16.198342663,-0.000579357147217,0.0,0.0,0.0,0.0,0.0,0.0,0.0,0.0,0.0,0.0,0.0,0.0,0,0,0,0,0,0
8892000000,-1.86871349812,-10.9857664585,0.396547317505,0.0,0.0,0.0,0.0,0.0,0.0,0.0,0.0,0.0,0.0,0.0,0.0,1.5,0.0,15.0,1.5,0.0,15.0,4.0,0.0,20.0,0.2,0.0,1.0,5.0,0.0,1.0,-2.80307024717,-16.4786496878,0.594820976257,0.0,0.0,0.0,0.0,0.0,0.0,0.0,0.0,0.0,0.0,0.0,0.0,0,0,0,0,0,0
9118000000,-1.84303843975,-11.1700703025,0.256750583649,0.0,0.0,0.0,0.0,0.0,0.0,0.0,0.0,0.0,0.0,0.0,0.0,1.5,0.0,15.0,1.5,0.0,15.0,4.0,0.0,20.0,0.2,0.0,1.0,5.0,0.0,1.0,-2.76455765963,-16.7551054537,0.385125875473,0.0,0.0,0.0,0.0,0.0,0.0,0.0,0.0,0.0,0.0,0.0,0.0,0,0,0,0,0,0
9295000000,-1.82798111439,-11.3528684139,0.150573253632,0.0,0.0,0.0,0.0,0.0,0.0,0.0,0.0,0.0,0.0,0.0,0.0,1.5,0.0,15.0,1.5,0.0,15.0,4.0,0.0,20.0,0.2,0.0,1.0,5.0,0.0,1.0,-2.74197167158,-17.0293026209,0.225859880447,0.0,0.0,0.0,0.0,0.0,0.0,0.0,0.0,0.0,0.0,0.0,0.0,0,0,0,0,0,0
9477000000,-1.81066834927,-11.5339352489,0.173127651215,0.0,0.0,0.0,0.0,0.0,0.0,0.0,0.0,0.0,0.0,0.0,0.0,1.5,0.0,15.0,1.5,0.0,15.0,4.0,0.0,20.0,0.2,0.0,1.0,5.0,0.0,1.0,-2.7160025239,-17.3009028733,0.259691476822,0.0,0.0,0.0,0.0,0.0,0.0,0.0,0.0,0.0,0.0,0.0,0.0,0,0,0,0,0,0
9691000000,-1.79263186455,-11.7131984353,0.180364847183,0.0,0.0,0.0,0.0,0.0,0.0,0.0,0.0,0.0,0.0,0.0,0.0,1.5,0.0,15.0,1.5,0.0,15.0,4.0,0.0,20.0,0.2,0.0,1.0,5.0,0.0,1.0,-2.68894779682,-17.569797653,0.270547270775,0.0,0.0,0.0,0.0,0.0,0.0,0.0,0.0,0.0,0.0,0.0,0.0,0,0,0,0,0,0
9882000000,-1.79266548157,-11.8924649835,-0.000336170196533,0.0,0.0,0.0,0.0,0.0,0.0,0.0,0.0,0.0,0.0,0.0,0.0,1.5,0.0,15.0,1.5,0.0,15.0,4.0,0.0,20.0,0.2,0.0,1.0,5.0,0.0,1.0,-2.68899822235,-17.8386974752,-0.0005042552948,0.0,0.0,0.0,0.0,0.0,0.0,0.0,0.0,0.0,0.0,0.0,0.0,0,0,0,0,0,0
10074000000,-1.75667476654,-12.0681324601,0.359907150269,0.0,0.0,0.0,0.0,0.0,0.0,0.0,0.0,0.0,0.0,0.0,0.0,1.5,0.0,15.0,1.5,0.0,15.0,4.0,0.0,20.0,0.2,0.0,1.0,5.0,0.0,1.0,-2.63501214981,-18.1021986902,0.539860725403,0.0,0.0,0.0,0.0,0.0,0.0,0.0,0.0,0.0,0.0,0.0,0.0,0,0,0,0,0,0
10272000000,-1.75671303272,-12.2438037634,-0.000382661819458,0.0,0.0,0.0,0.0,0.0,0.0,0.0,0.0,0.0,0.0,0.0,0.0,1.5,0.0,15.0,1.5,0.0,15.0,4.0,0.0,20.0,0.2,0.0,1.0,5.0,0.0,1.0,-2.63506954908,-18.3657056451,-0.000573992729187,0.0,0.0,0.0,0.0,0.0,0.0,0.0,0.0,0.0,0.0,0.0,0.0,0,0,0,0,0,0
10467000000,-1.73241996765,-12.4170457602,0.242930650711,0.0,0.0,0.0,0.0,0.0,0.0,0.0,0.0,0.0,0.0,0.0,0.0,1.5,0.0,15.0,1.5,0.0,15.0,4.0,0.0,20.0,0.2,0.0,1.0,5.0,0.0,1.0,-2.59862995148,-18.6255686402,0.364395976067,0.0,0.0,0.0,0.0,0.0,0.0,0.0,0.0,0.0,0.0,0.0,0.0,0,0,0,0,0,0
10677000000,-1.69640028477,-12.5866857886,0.360196828842,0.0,0.0,0.0,0.0,0.0,0.0,0.0,0.0,0.0,0.0,0.0,0.0,1.5,0.0,15.0,1.5,0.0,15.0,4.0,0.0,20.0,0.2,0.0,1.0,5.0,0.0,1.0,-2.54460042715,-18.8800286829,0.540295243263,0.0,0.0,0.0,0.0,0.0,0.0,0.0,0.0,0.0,0.0,0.0,0.0,0,0,0,0,0,0
10863000000,-1.67657983303,-12.7543437719,0.198204517365,0.0,0.0,0.0,0.0,0.0,0.0,0.0,0.0,0.0,0.0,0.0,0.0,1.5,0.0,15.0,1.5,0.0,15.0,4.0,0.0,20.0,0.2,0.0,1.0,5.0,0.0,1.0,-2.51486974955,-19.1315156579,0.297306776047,0.0,0.0,0.0,0.0,0.0,0.0,0.0,0.0,0.0,0.0,0.0,0.0,0,0,0,0,0,0
11071000000,-1.6603872776,-12.9203824997,0.161925554276,0.0,0.0,0.0,0.0,0.0,0.0,0.0,0.0,0.0,0.0,0.0,0.0,1.5,0.0,15.0,1.5,0.0,15.0,4.0,0.0,20.0,0.2,0.0,1.0,5.0,0.0,1.0,-2.4905809164,-19.3805737495,0.242888331413,0.0,0.0,0.0,0.0,0.0,0.0,0.0,0.0,0.0,0.0,0.0,0.0,0,0,0,0,0,0
11267000000,-1.64505898952,-13.0848883986,0.153282880783,0.0,0.0,0.0,0.0,0.0,0.0,0.0,0.0,0.0,0.0,0.0,0.0,1.5,0.0,15.0,1.5,0.0,15.0,4.0,0.0,20.0,0.2,0.0,1.0,5.0,0.0,1.0,-2.46758848429,-19.627332598,0.229924321175,0.0,0.0,0.0,0.0,0.0,0.0,0.0,0.0,0.0,0.0,0.0,0.0,0,0,0,0,0,0
11453000000,-1.64508771896,-13.2493971705,-0.000287294387817,0.0,0.0,0.0,0.0,0.0,0.0,0.0,0.0,0.0,0.0,0.0,0.0,1.5,0.0,15.0,1.5,0.0,15.0,4.0,0.0,20.0,0.2,0.0,1.0,5.0,0.0,1.0,-2.46763157845,-19.8740957558,-0.000430941581726,0.0,0.0,0.0,0.0,0.0,0.0,0.0,0.0,0.0,0.0,0.0,0.0,0,0,0,0,0,0
11640000000,-1.61414432526,-13.4108116031,0.309433937073,0.0,0.0,0.0,0.0,0.0,0.0,0.0,0.0,0.0,0.0,0.0,0.0,1.5,0.0,15.0,1.5,0.0,15.0,4.0,0.0,20.0,0.2,0.0,1.0,5.0,0.0,1.0,-2.42121648788,-20.1162174046,0.464150905609,0.0,0.0,0.0,0.0,0.0,0.0,0.0,0.0,0.0,0.0,0.0,0.0,0,0,0,0,0,0
11859000000,-1.59448373318,-13.5702599764,0.196605920792,0.0,0.0,0.0,0.0,0.0,0.0,0.0,0.0,0.0,0.0,0.0,0.0,1.5,0.0,15.0,1.5,0.0,15.0,4.0,0.0,20.0,0.2,0.0,1.0,5.0,0.0,1.0,-2.39172559977,-20.3553899646,0.294908881187,0.0,0.0,0.0,0.0,0.0,0.0,0.0,0.0,0.0,0.0,0.0,0.0,0,0,0,0,0,0
12045000000,-1.5800909996,-13.7282690763,0.143927335739,0.0,0.0,0.0,0.0,0.0,0.0,0.0,0.0,0.0,0.0,0.0,0.0,1.5,0.0,15.0,1.5,0.0,15.0,4.0,0.0,20.0,0.2,0.0,1.0,5.0,0.0,1.0,-2.3701364994,-20.5924036145,0.215891003609,0.0,0.0,0.0,0.0,0.0,0.0,0.0,0.0,0.0,0.0,0.0,0.0,0,0,0,0,0,0
12269000000,-1.56502640247,-13.8847717166,0.150645971298,0.0,0.0,0.0,0.0,0.0,0.0,0.0,0.0,0.0,0.0,0.0,0.0,1.5,0.0,15.0,1.5,0.0,15.0,4.0,0.0,20.0,0.2,0.0,1.0,5.0,0.0,1.0,-2.34753960371,-20.8271575749,0.225968956947,0.0,0.0,0.0,0.0,0.0,0.0,0.0,0.0,0.0,0.0,0.0,0.0,0,0,0,0,0,0
12451000000,-1.56505560875,-14.0412772775,-0.000292062759399,0.0,0.0,0.0,0.0,0.0,0.0,0.0,0.0,0.0,0.0,0.0,0.0,1.5,0.0,15.0,1.5,0.0,15.0,4.0,0.0,20.0,0.2,0.0,1.0,5.0,0.0,1.0,-2.34758341312,-21.0619159162,-0.000438094139099,0.0,0.0,0.0,0.0,0.0,0.0,0.0,0.0,0.0,0.0,0.0,0.0,0,0,0,0,0,0
12637000000,-1.54775393009,-14.1960526705,0.173016786575,0.0,0.0,0.0,0.0,0.0,0.0,0.0,0.0,0.0,0.0,0.0,0.0,1.5,0.0,15.0,1.5,0.0,15.0,4.0,0.0,20.0,0.2,0.0,1.0,5.0,0.0,1.0,-2.32163089514,-21.2940790057,0.259525179863,0.0,0.0,0.0,0.0,0.0,0.0,0.0,0.0,0.0,0.0,0.0,0.0,0,0,0,0,0,0
12821000000,-1.53121602535,-14.349174273,0.165379047394,0.0,0.0,0.0,0.0,0.0,0.0,0.0,0.0,0.0,0.0,0.0,0.0,1.5,0.0,15.0,1.5,0.0,15.0,4.0,0.0,20.0,0.2,0.0,1.0,5.0,0.0,1.0,-2.29682403803,-21.5237614095,0.248068571091,0.0,0.0,0.0,0.0,0.0,0.0,0.0,0.0,0.0,0.0,0.0,0.0,0,0,0,0,0,0
13011000000,-1.49935948849,-14.4991102219,0.318565368652,0.0,0.0,0.0,0.0,0.0,0.0,0.0,0.0,0.0,0.0,0.0,0.0,1.5,0.0,15.0,1.5,0.0,15.0,4.0,0.0,20.0,0.2,0.0,1.0,5.0,0.0,1.0,-2.24903923273,-21.7486653328,0.477848052979,0.0,0.0,0.0,0.0,0.0,0.0,0.0,0.0,0.0,0.0,0.0,0.0,0,0,0,0,0,0
13238000000,-1.49939477444,-14.6490496993,-0.00035285949707,0.0,0.0,0.0,0.0,0.0,0.0,0.0,0.0,0.0,0.0,0.0,0.0,1.5,0.0,15.0,1.5,0.0,15.0,4.0,0.0,20.0,0.2,0.0,1.0,5.0,0.0,1.0,-2.24909216166,-21.973574549,-0.000529289245605,0.0,0.0,0.0,0.0,0.0,0.0,0.0,0.0,0.0,0.0,0.0,0.0,0,0,0,0,0,0
13419000000,-1.46910655499,-14.7959603548,0.302882194519,0.0,0.0,0.0,0.0,0.0,0.0,0.0,0.0,0.0,0.0,0.0,0.0,1.5,0.0,15.0,1.5,0.0,15.0,4.0,0.0,20.0,0.2,0.0,1.0,5.0,0.0,1.0,-2.20365983248,-22.1939405322,0.454323291779,0.0,0.0,0.0,0.0,0.0,0.0,0.0,0.0,0.0,0.0,0.0,0.0,0,0,0,0,0,0
13605000000,-1.46913552284,-14.9428739071,-0.000289678573608,0.0,0.0,0.0,0.0,0.0,0.0,0.0,0.0,0.0,0.0,0.0,0.0,1.5,0.0,15.0,1.5,0.0,15.0,4.0,0.0,20.0,0.2,0.0,1.0,5.0,0.0,1.0,-2.20370328426,-22.4143108606,-0.000434517860413,0.0,0.0,0.0,0.0,0.0,0.0,0.0,0.0,0.0,0.0,0.0,0.0,0,0,0,0,0,0
13821000000,-1.43974602222,-15.0868485093,0.29389500618,0.0,0.0,0.0,0.0,0.0,0.0,0.0,0.0,0.0,0.0,0.0,0.0,1.5,0.0,15.0,1.5,0.0,15.0,4.0,0.0,20.0,0.2,0.0,1.0,5.0,0.0,1.0,-2.15961903334,-22.630272764,0.44084250927,0.0,0.0,0.0,0.0,0.0,0.0,0.0,0.0,0.0,0.0,0.0,0.0,0,0,0,0,0,0
14010000000,-1.43977439404,-15.2308259487,-0.000283718109131,0.0,0.0,0.0,0.0,0.0,0.0,0.0,0.0,0.0,0.0,0.0,0.0,1.5,0.0,15.0,1.5,0.0,15.0,4.0,0.0,20.0,0.2,0.0,1.0,5.0,0.0,1.0,-2.15966159105,-22.8462389231,-0.000425577163696,0.0,0.0,0.0,0.0,0.0,0.0,0.0,0.0,0.0,0.0,0.0,0.0,0,0,0,0,0,0
14243000000,-1.41046774387,-15.3718727231,0.293066501617,0.0,0.0,0.0,0.0,0.0,0.0,0.0,0.0,0.0,0.0,0.0,0.0,1.5,0.0,15.0,1.5,0.0,15.0,4.0,0.0,20.0,0.2,0.0,1.0,5.0,0.0,1.0,-2.11570161581,-23.0578090847,0.439599752426,0.0,0.0,0.0,0.0,0.0,0.0,0.0,0.0,0.0,0.0,0.0,0.0,0,0,0,0,0,0
14411000000,-1.3941334486,-15.511286068,0.163342952728,0.0,0.0,0.0,0.0,0.0,0.0,0.0,0.0,0.0,0.0,0.0,0.0,1.5,0.0,15.0,1.5,0.0,15.0,4.0,0.0,20.0,0.2,0.0,1.0,5.0,0.0,1.0,-2.0912001729,-23.2669291019,0.245014429092,0.0,0.0,0.0,0.0,0.0,0.0,0.0,0.0,0.0,0.0,0.0,0.0,0,0,0,0,0,0
14607000000,-1.37907683849,-15.6491937518,0.150566101074,0.0,0.0,0.0,0.0,0.0,0.0,0.0,0.0,0.0,0.0,0.0,0.0,1.5,0.0,15.0,1.5,0.0,15.0,4.0,0.0,20.0,0.2,0.0,1.0,5.0,0.0,1.0,-2.06861525774,-23.4737906277,0.225849151611,0.0,0.0,0.0,0.0,0.0,0.0,0.0,0.0,0.0,0.0,0.0,0.0,0,0,0,0,0,0
14791000000,-1.36473286152,-15.785667038,0.143439769745,0.0,0.0,0.0,0.0,0.0,0.0,0.0,0.0,0.0,0.0,0.0,0.0,1.5,0.0,15.0,1.5,0.0,15.0,4.0,0.0,20.0,0.2,0.0,1.0,5.0,0.0,1.0,-2.04709929228,-23.6785005569,0.215159654617,0.0,0.0,0.0,0.0,0.0,0.0,0.0,0.0,0.0,0.0,0.0,0.0,0,0,0,0,0,0
14977000000,-1.35150551796,-15.9208175898,0.132273435593,0.0,0.0,0.0,0.0,0.0,0.0,0.0,0.0,0.0,0.0,0.0,0.0,1.5,0.0,15.0,1.5,0.0,15.0,4.0,0.0,20.0,0.2,0.0,1.0,5.0,0.0,1.0,-2.02725827694,-23.8812263846,0.198410153389,0.0,0.0,0.0,0.0,0.0,0.0,0.0,0.0,0.0,0.0,0.0,0.0,0,0,0,0,0,0
15205000000,-1.33754527569,-16.0545721173,0.139602422714,0.0,0.0,0.0,0.0,0.0,0.0,0.0,0.0,0.0,0.0,0.0,0.0,1.5,0.0,15.0,1.5,0.0,15.0,4.0,0.0,20.0,0.2,0.0,1.0,5.0,0.0,1.0,-2.00631791353,-24.081858176,0.209403634071,0.0,0.0,0.0,0.0,0.0,0.0,0.0,0.0,0.0,0.0,0.0,0.0,0,0,0,0,0,0
15380000000,-1.33757150173,-16.1883292675,-0.000262260437012,0.0,0.0,0.0,0.0,0.0,0.0,0.0,0.0,0.0,0.0,0.0,0.0,1.5,0.0,15.0,1.5,0.0,15.0,4.0,0.0,20.0,0.2,0.0,1.0,5.0,0.0,1.0,-2.0063572526,-24.2824939013,-0.000393390655518,0.0,0.0,0.0,0.0,0.0,0.0,0.0,0.0,0.0,0.0,0.0,0.0,0,0,0,0,0,0
15569000000,-1.30995678902,-16.3193249464,0.276147127151,0.0,0.0,0.0,0.0,0.0,0.0,0.0,0.0,0.0,0.0,0.0,0.0,1.5,0.0,15.0,1.5,0.0,15.0,4.0,0.0,20.0,0.2,0.0,1.0,5.0,0.0,1.0,-1.96493518353,-24.4789874196,0.414220690727,0.0,0.0,0.0,0.0,0.0,0.0,0.0,0.0,0.0,0.0,0.0,0.0,0,0,0,0,0,0
15787000000,-1.29445433617,-16.44877038,0.155024528503,0.0,0.0,0.0,0.0,0.0,0.0,0.0,0.0,0.0,0.0,0.0,0.0,1.5,0.0,15.0,1.5,0.0,15.0,4.0,0.0,20.0,0.2,0.0,1.0,5.0,0.0,1.0,-1.94168150425,-24.67315557,0.232536792755,0.0,0.0,0.0,0.0,0.0,0.0,0.0,0.0,0.0,0.0,0.0,0.0,0,0,0,0,0,0
15987000000,-1.27983164787,-16.5767535448,0.146226882935,0.0,0.0,0.0,0.0,0.0,0.0,0.0,0.0,0.0,0.0,0.0,0.0,1.5,0.0,15.0,1.5,0.0,15.0,4.0,0.0,20.0,0.2,0.0,1.0,5.0,0.0,1.0,-1.91974747181,-24.8651303172,0.219340324402,0.0,0.0,0.0,0.0,0.0,0.0,0.0,0.0,0.0,0.0,0.0,0.0,0,0,0,0,0,0
16168000000,-1.2695991993,-16.7037134647,0.102324485779,0.0,0.0,0.0,0.0,0.0,0.0,0.0,0.0,0.0,0.0,0.0,0.0,1.5,0.0,15.0,1.5,0.0,15.0,4.0,0.0,20.0,0.2,0.0,1.0,5.0,0.0,1.0,-1.90439879894,-25.0555701971,0.153486728668,0.0,0.0,0.0,0.0,0.0,0.0,0.0,0.0,0.0,0.0,0.0,0.0,0,0,0,0,0,0
16347000000,-1.25735509396,-16.8294489741,0.122441053391,0.0,0.0,0.0,0.0,0.0,0.0,0.0,0.0,0.0,0.0,0.0,0.0,1.5,0.0,15.0,1.5,0.0,15.0,4.0,0.0,20.0,0.2,0.0,1.0,5.0,0.0,1.0,-1.88603264093,-25.2441734612,0.183661580086,0.0,0.0,0.0,0.0,0.0,0.0,0.0,0.0,0.0,0.0,0.0,0.0,0,0,0,0,0,0
16568000000,-1.24580836296,-16.9540298104,0.115467309952,0.0,0.0,0.0,0.0,0.0,0.0,0.0,0.0,0.0,0.0,0.0,0.0,1.5,0.0,15.0,1.5,0.0,15.0,4.0,0.0,20.0,0.2,0.0,1.0,5.0,0.0,1.0,-1.86871254444,-25.4310447156,0.173200964928,0.0,0.0,0.0,0.0,0.0,0.0,0.0,0.0,0.0,0.0,0.0,0.0,0,0,0,0,0,0
16764000000,-1.23157787323,-17.0771875978,0.142304897308,0.0,0.0,0.0,0.0,0.0,0.0,0.0,0.0,0.0,0.0,0.0,0.0,1.5,0.0,15.0,1.5,0.0,15.0,4.0,0.0,20.0,0.2,0.0,1.0,5.0,0.0,1.0,-1.84736680984,-25.6157813966,0.213457345963,0.0,0.0,0.0,0.0,0.0,0.0,0.0,0.0,0.0,0.0,0.0,0.0,0,0,0,0,0,0
16961000000,-1.21980071068,-17.1991676688,0.117771625519,0.0,0.0,0.0,0.0,0.0,0.0,0.0,0.0,0.0,0.0,0.0,0.0,1.5,0.0,15.0,1.5,0.0,15.0,4.0,0.0,20.0,0.2,0.0,1.0,5.0,0.0,1.0,-1.82970106602,-25.7987515032,0.176657438278,0.0,0.0,0.0,0.0,0.0,0.0,0.0,0.0,0.0,0.0,0.0,0.0,0,0,0,0,0,0
17144000000,-1.21982443333,-17.3211501122,-0.000237226486206,0.0,0.0,0.0,0.0,0.0,0.0,0.0,0.0,0.0,0.0,0.0,0.0,1.5,0.0,15.0,1.5,0.0,15.0,4.0,0.0,20.0,0.2,0.0,1.0,5.0,0.0,1.0,-1.82973664999,-25.9817251682,-0.000355839729309,0.0,0.0,0.0,0.0,0.0,0.0,0.0,0.0,0.0,0.0,0.0,0.0,0,0,0,0,0,0
17333000000,-1.2071928978,-17.4418694019,0.126315355301,0.0,0.0,0.0,0.0,0.0,0.0,0.0,0.0,0.0,0.0,0.0,0.0,1.5,0.0,15.0,1.5,0.0,15.0,4.0,0.0,20.0,0.2,0.0,1.0,5.0,0.0,1.0,-1.81078934669,-26.1628041029,0.189473032951,0.0,0.0,0.0,0.0,0.0,0.0,0.0,0.0,0.0,0.0,0.0,0.0,0,0,0,0,0,0
17553000000,-1.19370937347,-17.5612403393,0.134835243225,0.0,0.0,0.0,0.0,0.0,0.0,0.0,0.0,0.0,0.0,0.0,0.0,1.5,0.0,15.0,1.5,0.0,15.0,4.0,0.0,20.0,0.2,0.0,1.0,5.0,0.0,1.0,-1.79056406021,-26.3418605089,0.202252864838,0.0,0.0,0.0,0.0,0.0,0.0,0.0,0.0,0.0,0.0,0.0,0.0,0,0,0,0,0,0
17755000000,-1.16691398621,-17.6779317379,0.267953872681,0.0,0.0,0.0,0.0,0.0,0.0,0.0,0.0,0.0,0.0,0.0,0.0,1.5,0.0,15.0,1.5,0.0,15.0,4.0,0.0,20.0,0.2,0.0,1.0,5.0,0.0,1.0,-1.75037097931,-26.5168976068,0.401930809021,0.0,0.0,0.0,0.0,0.0,0.0,0.0,0.0,0.0,0.0,0.0,0.0,0,0,0,0,0,0
17939000000,-1.15267026424,-17.7931987643,0.14243721962,0.0,0.0,0.0,0.0,0.0,0.0,0.0,0.0,0.0,0.0,0.0,0.0,1.5,0.0,15.0,1.5,0.0,15.0,4.0,0.0,20.0,0.2,0.0,1.0,5.0,0.0,1.0,-1.72900539637,-26.6897981465,0.21365582943,0.0,0.0,0.0,0.0,0.0,0.0,0.0,0.0,0.0,0.0,0.0,0.0,0,0,0,0,0,0
18129000000,-1.15269207954,-17.9084679723,-0.000218152999878,0.0,0.0,0.0,0.0,0.0,0.0,0.0,0.0,0.0,0.0,0.0,0.0,1.5,0.0,15.0,1.5,0.0,15.0,4.0,0.0,20.0,0.2,0.0,1.0,5.0,0.0,1.0,-1.72903811932,-26.8627019584,-0.000327229499817,0.0,0.0,0.0,0.0,0.0,0.0,0.0,0.0,0.0,0.0,0.0,0.0,0,0,0,0,0,0
18356000000,-1.13015949726,-18.021483922,0.22532582283,0.0,0.0,0.0,0.0,0.0,0.0,0.0,0.0,0.0,0.0,0.0,0.0,1.5,0.0,15.0,1.5,0.0,15.0,4.0,0.0,20.0,0.2,0.0,1.0,5.0,0.0,1.0,-1.69523924589,-27.032225883,0.337988734245,0.0,0.0,0.0,0.0,0.0,0.0,0.0,0.0,0.0,0.0,0.0,0.0,0,0,0,0,0,0
18515000000,-1.13018000126,-18.1345019221,-0.000205039978027,0.0,0.0,0.0,0.0,0.0,0.0,0.0,0.0,0.0,0.0,0.0,0.0,1.5,0.0,15.0,1.5,0.0,15.0,4.0,0.0,20.0,0.2,0.0,1.0,5.0,0.0,1.0,-1.69527000189,-27.2017528832,-0.000307559967041,0.0,0.0,0.0,0.0,0.0,0.0,0.0,0.0,0.0,0.0,0.0,0.0,0,0,0,0,0,0
18723000000,-1.11585617065,-18.2460875392,0.143238306046,0.0,0.0,0.0,0.0,0.0,0.0,0.0,0.0,0.0,0.0,0.0,0.0,1.5,0.0,15.0,1.5,0.0,15.0,4.0,0.0,20.0,0.2,0.0,1.0,5.0,0.0,1.0,-1.67378425598,-27.3691313088,0.214857459068,0.0,0.0,0.0,0.0,0.0,0.0,0.0,0.0,0.0,0.0,0.0,0.0,0,0,0,0,0,0
18932000000,-1.08868706226,-18.3549562454,0.271691083908,0.0,0.0,0.0,0.0,0.0,0.0,0.0,0.0,0.0,0.0,0.0,0.0,1.5,0.0,15.0,1.5,0.0,15.0,4.0,0.0,20.0,0.2,0.0,1.0,5.0,0.0,1.0,-1.6330305934,-27.5324343681,0.407536625862,0.0,0.0,0.0,0.0,0.0,0.0,0.0,0.0,0.0,0.0,0.0,0.0,0,0,0,0,0,0
19147000000,-1.07786071301,-18.4627423167,0.108263492584,0.0,0.0,0.0,0.0,0.0,0.0,0.0,0.0,0.0,0.0,0.0,0.0,1.5,0.0,15.0,1.5,0.0,15.0,4.0,0.0,20.0,0.2,0.0,1.0,5.0,0.0,1.0,-1.61679106951,-27.6941134751,0.162395238876,0.0,0.0,0.0,0.0,0.0,0.0,0.0,0.0,0.0,0.0,0.0,0.0,0,0,0,0,0,0
19316000000,-1.07788074017,-18.5705303907,-0.000200271606445,0.0,0.0,0.0,0.0,0.0,0.0,0.0,0.0,0.0,0.0,0.0,0.0,1.5,0.0,15.0,1.5,0.0,15.0,4.0,0.0,20.0,0.2,0.0,1.0,5.0,0.0,1.0,-1.61682111025,-27.8557955861,-0.000300407409668,0.0,0.0,0.0,0.0,0.0,0.0,0.0,0.0,0.0,0.0,0.0,0.0,0,0,0,0,0,0
19537000000,-1.05757832527,-18.6762882233,0.203024148941,0.0,0.0,0.0,0.0,0.0,0.0,0.0,0.0,0.0,0.0,0.0,0.0,1.5,0.0,15.0,1.5,0.0,15.0,4.0,0.0,20.0,0.2,0.0,1.0,5.0,0.0,1.0,-1.58636748791,-28.0144323349,0.304536223412,0.0,0.0,0.0,0.0,0.0,0.0,0.0,0.0,0.0,0.0,0.0,0.0,0,0,0,0,0,0
19721000000,-1.04354977608,-18.7806432009,0.140285491943,0.0,0.0,0.0,0.0,0.0,0.0,0.0,0.0,0.0,0.0,0.0,0.0,1.5,0.0,15.0,1.5,0.0,15.0,4.0,0.0,20.0,0.2,0.0,1.0,5.0,0.0,1.0,-1.56532466412,-28.1709648013,0.210428237915,0.0,0.0,0.0,0.0,0.0,0.0,0.0,0.0,0.0,0.0,0.0,0.0,0,0,0,0,0,0
19911000000,-1.04357075691,-18.8850002766,-0.000209808349609,0.0,0.0,0.0,0.0,0.0,0.0,0.0,0.0,0.0,0.0,0.0,0.0,1.5,0.0,15.0,1.5,0.0,15.0,4.0,0.0,20.0,0.2,0.0,1.0,5.0,0.0,1.0,-1.56535613537,-28.3275004148,-0.000314712524414,0.0,0.0,0.0,0.0,0.0,0.0,0.0,0.0,0.0,0.0,0.0,0.0,0,0,0,0,0,0
20091000000,-1.02526283264,-18.9875265598,0.183079242706,0.0,0.0,0.0,0.0,0.0,0.0,0.0,0.0,0.0,0.0,0.0,0.0,1.5,0.0,15.0,1.5,0.0,15.0,4.0,0.0,20.0,0.2,0.0,1.0,5.0,0.0,1.0,-1.53789424896,-28.4812898397,0.274618864059,0.0,0.0,0.0,0.0,0.0,0.0,0.0,0.0,0.0,0.0,0.0,0.0,0,0,0,0,0,0
20325000000,-1.01399207115,-19.0889257669,0.112707614899,0.0,0.0,0.0,0.0,0.0,0.0,0.0,0.0,0.0,0.0,0.0,0.0,1.5,0.0,15.0,1.5,0.0,15.0,4.0,0.0,20.0,0.2,0.0,1.0,5.0,0.0,1.0,-1.52098810673,-28.6333886504,0.169061422348,0.0,0.0,0.0,0.0,0.0,0.0,0.0,0.0,0.0,0.0,0.0,0.0,0,0,0,0,0,0
20510000000,-1.01401138306,-19.1903269053,-0.000193119049072,0.0,0.0,0.0,0.0,0.0,0.0,0.0,0.0,0.0,0.0,0.0,0.0,1.5,0.0,15.0,1.5,0.0,15.0,4.0,0.0,20.0,0.2,0.0,1.0,5.0,0.0,1.0,-1.52101707458,-28.7854903579,-0.000289678573608,0.0,0.0,0.0,0.0,0.0,0.0,0.0,0.0,0.0,0.0,0.0,0.0,0,0,0,0,0,0
20697000000,-1.00300085545,-19.2906269908,0.110105276108,0.0,0.0,0.0,0.0,0.0,0.0,0.0,0.0,0.0,0.0,0.0,0.0,1.5,0.0,15.0,1.5,0.0,15.0,4.0,0.0,20.0,0.2,0.0,1.0,5.0,0.0,1.0,-1.50450128317,-28.9359404862,0.165157914162,0.0,0.0,0.0,0.0,0.0,0.0,0.0,0.0,0.0,0.0,0.0,0.0,0,0,0,0,0,0
20875000000,-0.983884632587,-19.3890154541,0.191162228584,0.0,0.0,0.0,0.0,0.0,0.0,0.0,0.0,0.0,0.0,0.0,0.0,1.5,0.0,15.0,1.5,0.0,15.0,4.0,0.0,20.0,0.2,0.0,1.0,5.0,0.0,1.0,-1.47582694888,-29.0835231811,0.286743342876,0.0,0.0,0.0,0.0,0.0,0.0,0.0,0.0,0.0,0.0,0.0,0.0,0,0,0,0,0,0
21087000000,-0.983906745911,-19.4874061286,-0.000221133232117,0.0,0.0,0.0,0.0,0.0,0.0,0.0,0.0,0.0,0.0,0.0,0.0,1.5,0.0,15.0,1.5,0.0,15.0,4.0,0.0,20.0,0.2,0.0,1.0,5.0,0.0,1.0,-1.47586011887,-29.231109193,-0.000331699848175,0.0,0.0,0.0,0.0,0.0,0.0,0.0,0.0,0.0,0.0,0.0,0.0,0,0,0,0,0,0
21308000000,-0.963695287704,-19.5837756574,0.202114582062,0.0,0.0,0.0,0.0,0.0,0.0,0.0,0.0,0.0,0.0,0.0,0.0,1.5,0.0,15.0,1.5,0.0,15.0,4.0,0.0,20.0,0.2,0.0,1.0,5.0,0.0,1.0,-1.44554293156,-29.3756634861,0.303171873093,0.0,0.0,0.0,0.0,0.0,0.0,0.0,0.0,0.0,0.0,0.0,0.0,0,0,0,0,0,0
21487000000,-0.952890574932,-19.6790647149,0.108047127724,0.0,0.0,0.0,0.0,0.0,0.0,0.0,0.0,0.0,0.0,0.0,0.0,1.5,0.0,15.0,1.5,0.0,15.0,4.0,0.0,20.0,0.2,0.0,1.0,5.0,0.0,1.0,-1.4293358624,-29.5185970724,0.162070691586,0.0,0.0,0.0,0.0,0.0,0.0,0.0,0.0,0.0,0.0,0.0,0.0,0,0,0,0,0,0
21673000000,-0.94311106205,-19.7733758211,0.0977951288223,0.0,0.0,0.0,0.0,0.0,0.0,0.0,0.0,0.0,0.0,0.0,0.0,1.5,0.0,15.0,1.5,0.0,15.0,4.0,0.0,20.0,0.2,0.0,1.0,5.0,0.0,1.0,-1.41466659307,-29.6600637317,0.146692693233,0.0,0.0,0.0,0.0,0.0,0.0,0.0,0.0,0.0,0.0,0.0,0.0,0,0,0,0,0,0
21856000000,-0.934258282185,-19.8668016493,0.0885277986526,0.0,0.0,0.0,0.0,0.0,0.0,0.0,0.0,0.0,0.0,0.0,0.0,1.5,0.0,15.0,1.5,0.0,15.0,4.0,0.0,20.0,0.2,0.0,1.0,5.0,0.0,1.0,-1.40138742328,-29.800202474,0.132791697979,0.0,0.0,0.0,0.0,0.0,0.0,0.0,0.0,0.0,0.0,0.0,0.0,0,0,0,0,0,0
22085000000,-0.92416960001,-19.9592186093,0.100886821747,0.0,0.0,0.0,0.0,0.0,0.0,0.0,0.0,0.0,0.0,0.0,0.0,1.5,0.0,15.0,1.5,0.0,15.0,4.0,0.0,20.0,0.2,0.0,1.0,5.0,0.0,1.0,-1.38625440001,-29.938827914,0.15133023262,0.0,0.0,0.0,0.0,0.0,0.0,0.0,0.0,0.0,0.0,0.0,0.0,0,0,0,0,0,0
22272000000,-0.924185693264,-20.0516371787,-0.000160932540894,0.0,0.0,0.0,0.0,0.0,0.0,0.0,0.0,0.0,0.0,0.0,0.0,1.5,0.0,15.0,1.5,0.0,15.0,4.0,0.0,20.0,0.2,0.0,1.0,5.0,0.0,1.0,-1.3862785399,-30.077455768,-0.00024139881134,0.0,0.0,0.0,0.0,0.0,0.0,0.0,0.0,0.0,0.0,0.0,0.0,0,0,0,0,0,0
22458000000,-0.906918466091,-20.1423290253,0.172672271729,0.0,0.0,0.0,0.0,0.0,0.0,0.0,0.0,0.0,0.0,0.0,0.0,1.5,0.0,15.0,1.5,0.0,15.0,4.0,0.0,20.0,0.2,0.0,1.0,5.0,0.0,1.0,-1.36037769914,-30.2134935379,0.259008407593,0.0,0.0,0.0,0.0,0.0,0.0,0.0,0.0,0.0,0.0,0.0,0.0,0,0,0,0,0,0
22652000000,-0.895998477936,-20.2319288731,0.109199881554,0.0,0.0,0.0,0.0,0.0,0.0,0.0,0.0,0.0,0.0,0.0,0.0,1.5,0.0,15.0,1.5,0.0,15.0,4.0,0.0,20.0,0.2,0.0,1.0,5.0,0.0,1.0,-1.3439977169,-30.3478933096,0.16379982233,0.0,0.0,0.0,0.0,0.0,0.0,0.0,0.0,0.0,0.0,0.0,0.0,0,0,0,0,0,0
22853000000,-0.887093067169,-20.3206381798,0.089054107666,0.0,0.0,0.0,0.0,0.0,0.0,0.0,0.0,0.0,0.0,0.0,0.0,1.5,0.0,15.0,1.5,0.0,15.0,4.0,0.0,20.0,0.2,0.0,1.0,5.0,0.0,1.0,-1.33063960075,-30.4809572697,0.133581161499,0.0,0.0,0.0,0.0,0.0,0.0,0.0,0.0,0.0,0.0,0.0,0.0,0,0,0,0,0,0
23079000000,-0.887115240097,-20.4093497038,-0.000221729278564,0.0,0.0,0.0,0.0,0.0,0.0,0.0,0.0,0.0,0.0,0.0,0.0,1.5,0.0,15.0,1.5,0.0,15.0,4.0,0.0,20.0,0.2,0.0,1.0,5.0,0.0,1.0,-1.33067286015,-30.6140245557,-0.000332593917847,0.0,0.0,0.0,0.0,0.0,0.0,0.0,0.0,0.0,0.0,0.0,0.0,0,0,0,0,0,0
23251000000,-0.868921160698,-20.4962418199,0.181940793991,0.0,0.0,0.0,0.0,0.0,0.0,0.0,0.0,0.0,0.0,0.0,0.0,1.5,0.0,15.0,1.5,0.0,15.0,4.0,0.0,20.0,0.2,0.0,1.0,5.0,0.0,1.0,-1.30338174105,-30.7443627298,0.272911190987,0.0,0.0,0.0,0.0,0.0,0.0,0.0,0.0,0.0,0.0,0.0,0.0,0,0,0,0,0,0
